3,chloe,2022-12-01 00:00:00+00,f,chloe@kcl.ac.uk,f,t,2022-12-01 00:00:00+00,Chloe,2022-12-01 00:00:00+00,2022-12-01 00:00:00+00,2,2002-09-10 01:00:00+01,5,file:///var/mobile/Containers/Data/Application/551E97A3-FF4A-44F3-ACD7-43F7FC351999/Library/Caches/ExponentExperienceData/%2540anonymous%252Frealm_rn-cbe4ee6e-3b23-4163-b7d6-88462db9b63f/ImagePicker/2B07894B-2C07-4775-8E4D-C43F9E22D8DE.jpg,0,,,,
4,john,2022-12-01 00:00:00+00,f,john@kcl.ac.uk,f,t,2022-12-01 00:00:00+00,John,2022-12-01 00:00:00+00,2022-12-01 00:00:00+00,1,2000-12-10 00:00:00+00,3,file:///var/mobile/Containers/Data/Application/551E97A3-FF4A-44F3-ACD7-43F7FC351999/Library/Caches/ExponentExperienceData/%2540anonymous%252Frealm_rn-cbe4ee6e-3b23-4163-b7d6-88462db9b63f/ImagePicker/2B07894B-2C07-4775-8E4D-C43F9E22D8DE.jpg,0,,,,
8,pbkdf2_sha256$390000$DiTE1f3wMZGTfFda5t4nIX$tWgtFSpLyY7c3uV59F/BDRuY6BS4ALdefFObb45fu+0=,,f,testing@kcl.ac.uk,f,t,2022-12-05 16:26:29.395312+00,Testing,2022-12-05 16:26:29.434774+00,2022-12-05 16:26:29.434774+00,2,2002-09-10 01:00:00+01,1,file:///var/mobile/Containers/Data/Application/551E97A3-FF4A-44F3-ACD7-43F7FC351999/Library/Caches/ExponentExperienceData/%2540anonymous%252Frealm_rn-cbe4ee6e-3b23-4163-b7d6-88462db9b63f/ImagePicker/2B07894B-2C07-4775-8E4D-C43F9E22D8DE.jpg,0,,"","",
10,pbkdf2_sha256$390000$RYYRNiVO3Y9hpGEeU4PFnh$AGiXkmuCkjXgQzL2GvZbuTgOcm2nujkNIL+j431zNuw=,,f,Hi@kcl.ac.uk,f,t,2022-12-05 18:09:48.937031+00,HI,2022-12-05 18:09:49.104197+00,2022-12-05 18:09:49.104197+00,1,2022-12-05 18:00:36.239+00,1,file:///var/mobile/Containers/Data/Application/551E97A3-FF4A-44F3-ACD7-43F7FC351999/Library/Caches/ExponentExperienceData/%2540anonymous%252Frealm_rn-cbe4ee6e-3b23-4163-b7d6-88462db9b63f/ImagePicker/2B07894B-2C07-4775-8E4D-C43F9E22D8DE.jpg,0,,"","",
12,pbkdf2_sha256$390000$526MLXxX8zzDEVJ9nF30ZU$jF9W1BLUExBwf6KdgaF5JJU6hxxZZd+WoQabX7FOs+I=,,f,host1@kcl.ac.uk,f,t,2022-12-12 16:07:56.180395+00,Host 1,2022-12-12 16:07:56.218312+00,2022-12-12 16:13:25.500128+00,2,2002-09-10 01:00:00+01,1,file:///var/mobile/Containers/Data/Application/551E97A3-FF4A-44F3-ACD7-43F7FC351999/Library/Caches/ExponentExperienceData/%2540anonymous%252Frealm_rn-cbe4ee6e-3b23-4163-b7d6-88462db9b63f/ImagePicker/2B07894B-2C07-4775-8E4D-C43F9E22D8DE.jpg,1,,"","",
13,pbkdf2_sha256$390000$5XVK2LcgZL5FFH5jmp6dVJ$CgDZDakxs4aGFiRJufpaNyu4T0285qTNpFcKZ03AcUY=,,f,host2@kcl.ac.uk,f,t,2022-12-12 16:08:11.136616+00,Host 2,2022-12-12 16:08:11.175515+00,2022-12-12 16:13:31.02325+00,2,2002-09-10 01:00:00+01,1,file:///var/mobile/Containers/Data/Application/551E97A3-FF4A-44F3-ACD7-43F7FC351999/Library/Caches/ExponentExperienceData/%2540anonymous%252Frealm_rn-cbe4ee6e-3b23-4163-b7d6-88462db9b63f/ImagePicker/2B07894B-2C07-4775-8E4D-C43F9E22D8DE.jpg,1,,"","",
14,pbkdf2_sha256$390000$IkIIpx3RfrSKiPAsbfNJsu$Km0qIAkQZQvMmM/jc+jHjAkCD4N9+rlhBgiRitx2joU=,,f,host3@kcl.ac.uk,f,t,2022-12-12 16:08:22.398354+00,Host 3,2022-12-12 16:08:22.437757+00,2022-12-12 16:13:48.652189+00,2,2002-09-10 01:00:00+01,1,file:///var/mobile/Containers/Data/Application/551E97A3-FF4A-44F3-ACD7-43F7FC351999/Library/Caches/ExponentExperienceData/%2540anonymous%252Frealm_rn-cbe4ee6e-3b23-4163-b7d6-88462db9b63f/ImagePicker/2B07894B-2C07-4775-8E4D-C43F9E22D8DE.jpg,1,,"","",
15,pbkdf2_sha256$390000$JhR2XZ4JWuAlCA28SijLI7$z8IkWnlNMNghQMSTx3gojU6mrllHRVmDIjBhw0Y/KZY=,,f,host4@kcl.ac.uk,f,t,2022-12-12 16:08:29.897932+00,Host 4,2022-12-12 16:08:29.938946+00,2022-12-12 16:13:54.012966+00,2,2002-09-10 01:00:00+01,1,file:///var/mobile/Containers/Data/Application/551E97A3-FF4A-44F3-ACD7-43F7FC351999/Library/Caches/ExponentExperienceData/%2540anonymous%252Frealm_rn-cbe4ee6e-3b23-4163-b7d6-88462db9b63f/ImagePicker/2B07894B-2C07-4775-8E4D-C43F9E22D8DE.jpg,1,,"","",
16,pbkdf2_sha256$390000$9i4aA4AT0S371v5L8tecMw$pXrEmS7M50ddRAypVbI0Sk5fx6Ubu60cnvVckigU1kY=,,f,host5@kcl.ac.uk,f,t,2022-12-12 16:08:38.256014+00,Host 5,2022-12-12 16:08:38.292716+00,2022-12-12 16:14:07.820015+00,2,2002-09-10 01:00:00+01,1,file:///var/mobile/Containers/Data/Application/551E97A3-FF4A-44F3-ACD7-43F7FC351999/Library/Caches/ExponentExperienceData/%2540anonymous%252Frealm_rn-cbe4ee6e-3b23-4163-b7d6-88462db9b63f/ImagePicker/2B07894B-2C07-4775-8E4D-C43F9E22D8DE.jpg,1,,"","",
7,pbkdf2_sha256$390000$Vr3foj5CMJa1r8j5wgb4bO$N6/V9c0of7j4y2e0MpqDdFS4O3kqgy7X+sAaTivHupw=,,f,bob@kcl.ac.uk,f,t,2022-11-24 22:03:36.905843+00,Bob,2022-11-24 22:03:36.947833+00,2022-12-12 16:12:47.773195+00,,,,file:///var/mobile/Containers/Data/Application/551E97A3-FF4A-44F3-ACD7-43F7FC351999/Library/Caches/ExponentExperienceData/%2540anonymous%252Frealm_rn-cbe4ee6e-3b23-4163-b7d6-88462db9b63f/ImagePicker/42327F2F-3089-4B70-B60B-8584845AD9EA.jpg,1,,"","",
17,pbkdf2_sha256$390000$9DZXJVwpyzT7ugSIPePhkB$o3oBHMoDnjkouiRqBVjDNhHWG085SfuZqbY28evLnno=,,f,image@kcl.ac.uk,f,t,2022-12-13 12:26:27.722904+00,Image,2022-12-13 12:26:27.754165+00,2022-12-13 12:26:27.754165+00,1,2022-12-13 12:25:49.175+00,1,file:///var/mobile/Containers/Data/Application/551E97A3-FF4A-44F3-ACD7-43F7FC351999/Library/Caches/ExponentExperienceData/%2540anonymous%252Frealm_rn-cbe4ee6e-3b23-4163-b7d6-88462db9b63f/ImagePicker/2B07894B-2C07-4775-8E4D-C43F9E22D8DE.jpg,0,,"","",
11,pbkdf2_sha256$390000$vyQ5M387JEQqIYBAMwmGrz$Cp0wgT2/Z+0Tf5HGT7GJzNaRDG/3V8gBek1r8muFv1A=,,f,tuesday@kcl.ac.uk,f,t,2022-12-06 13:19:05.204259+00,Tuesday,2022-12-06 13:19:05.236557+00,2022-12-07 17:14:31.081656+00,1,2022-12-06 13:18:44.337+00,1,file:///var/mobile/Containers/Data/Application/551E97A3-FF4A-44F3-ACD7-43F7FC351999/Library/Caches/ExponentExperienceData/%2540anonymous%252Frealm_rn-cbe4ee6e-3b23-4163-b7d6-88462db9b63f/ImagePicker/2B07894B-2C07-4775-8E4D-C43F9E22D8DE.jpg,1,,"","",
2,angeline@kcl.ac.uk,,f,angeline.wang@kcl.ac.uk,f,t,2022-11-17 21:37:13.36357+00,Angeline,2022-11-17 21:37:13.36357+00,2022-11-17 21:37:13.36357+00,2,2002-09-10 01:00:00+01,1,file:///var/mobile/Containers/Data/Application/551E97A3-FF4A-44F3-ACD7-43F7FC351999/Library/Caches/ExponentExperienceData/%2540anonymous%252Frealm_rn-cbe4ee6e-3b23-4163-b7d6-88462db9b63f/ImagePicker/2B07894B-2C07-4775-8E4D-C43F9E22D8DE.jpg,0,,,,
1,pbkdf2_sha256$390000$44DiOPLyymeKEH5Bx2ep15$WaeFvGzxFlCNxMLsxsCQj1q4lyNp+Umxzid0eXtUhO8=,2022-11-24 20:23:44.248343+00,t,admin@kcl.ac.uk,t,t,2022-11-17 19:53:47.27091+00,Admin,2022-11-17 19:53:47.53091+00,2022-12-12 15:42:53.794072+00,0,2002-09-10 01:00:00+01,4,file:///var/mobile/Containers/Data/Application/551E97A3-FF4A-44F3-ACD7-43F7FC351999/Library/Caches/ExponentExperienceData/%2540anonymous%252Frealm_rn-cbe4ee6e-3b23-4163-b7d6-88462db9b63f/ImagePicker/2B07894B-2C07-4775-8E4D-C43F9E22D8DE.jpg,1,,,,
18,pbkdf2_sha256$390000$KX8GKisvCYBvETLD6fijU5$FV8ygODlZaFvhkrGarnYwhk3BoFWqOEt6lENmnaNvHw=,,f,abc@kcl.ac.uk,f,t,2022-12-13 16:55:59.626585+00,ABC,2022-12-13 16:55:59.661585+00,2022-12-13 16:55:59.661585+00,2,,2,file:///var/mobile/Containers/Data/Application/551E97A3-FF4A-44F3-ACD7-43F7FC351999/Library/Caches/ExponentExperienceData/%2540anonymous%252Frealm_rn-cbe4ee6e-3b23-4163-b7d6-88462db9b63f/ImagePicker/2B07894B-2C07-4775-8E4D-C43F9E22D8DE.jpg,0,,"","",
